submitter_id,RPA_pos,Previous_RPA_Alteration,has_WGS,pid,has_MAF,purity,has_RNA,clin_driver_mut,ext_driver_mut
TCGA-05-4244,1,KRAS_g.chr12:25398285C>A_p.G12C,0,TCGA-05-4244,True,0.44,True,True,False
TCGA-05-4249,1,KRAS_g.chr12:25398285C>A_p.G12C,0,TCGA-05-4249,True,0.49,False,True,False
TCGA-05-4250,1,KRAS_g.chr12:25398285C>A_p.G12C,0,TCGA-05-4250,True,0.5,True,True,False
TCGA-05-4382,0,,1,TCGA-05-4382,True,0.21,True,True,False
TCGA-05-4384,1,RIT1_g.chr1:155874261C>A_p.M90I,0,TCGA-05-4384,True,0.49,True,True,True
TCGA-05-4389,1,BRAF_g.chr7:140481402C>A_p.G469V,0,TCGA-05-4389,True,0.48,True,True,False
TCGA-05-4390,1,KRAS_g.chr12:25398284C>A_p.G12V,0,TCGA-05-4390,True,0.57,True,True,False
TCGA-05-4395,1,KRAS_g.chr12:25398284C>A_p.G12V,0,TCGA-05-4395,True,0.61,True,True,False
TCGA-05-4396,1,SOS1_g.chr2:39262581C>A_p.D309Y,0,TCGA-05-4396,True,0.82,True,False,True
TCGA-05-4397,0,,0,TCGA-05-4397,True,0.87,True,True,True
TCGA-05-4398,0,,0,TCGA-05-4398,True,0.33,True,True,True
TCGA-05-4402,1,EGFR_g.chr7:55242480_55242503delAACATCTCCGAAAGCCAACAAGGA_p.TSPKANKE751del,0,TCGA-05-4402,True,0.44,True,True,False
TCGA-05-4403,1,KRAS_g.chr12:25398285C>A_p.G12C,0,TCGA-05-4403,True,0.46,True,False,False
TCGA-05-4405,1,KRAS_g.chr12:25398285C>A_p.G12C,0,TCGA-05-4405,True,0.38,True,False,False
TCGA-05-4410,1,BRAF_g.chr7:140481411C>A_p.G466V,0,TCGA-05-4410,True,0.24,True,True,True
TCGA-05-4415,1,KRAS_g.chr12:25398285C>A_p.G12C,0,TCGA-05-4415,True,0.67,True,True,False
TCGA-05-4417,1,KRAS_g.chr12:25398285C>A_p.G12C,0,TCGA-05-4417,True,0.4,True,True,True
TCGA-05-4418,1,KRAS_g.chr12:25398285C>A_p.G12C,0,TCGA-05-4418,True,0.55,True,True,False
TCGA-05-4420,1,HRAS_g.chr11:533874T>A_p.Q61L,0,TCGA-05-4420,True,0.59,True,False,True
TCGA-05-4422,0,,0,TCGA-05-4422,True,0.62,True,False,False
TCGA-05-4424,1,NF1_g.chr17:29670033G>T_p.E2357*,0,TCGA-05-4424,True,0.24,True,True,False
TCGA-05-4426,1,ROS1__SLC34A2__ROS1,0,TCGA-05-4426,True,0.7,True,False,False
TCGA-05-4427,1,KRAS_g.chr12:25398284C>A_p.G12V;RAF1_g.chr3:12645699G>C_p.S257W,0,TCGA-05-4427,True,0.47,True,True,True
TCGA-05-4430,1,KRAS_g.chr12:25398285C>A_p.G12C,0,TCGA-05-4430,True,0.2,True,True,False
TCGA-05-4432,0,,0,TCGA-05-4432,True,0.36,True,True,False
TCGA-05-4433,1,KRAS_g.chr12:25398284C>A_p.G12V,0,TCGA-05-4433,True,0.62,True,True,False
TCGA-05-4434,1,ERBB2_g.chr17:37880997_37880998insTAT_p.776_776G>VC,0,TCGA-05-4434,True,0.45,True,True,False
TCGA-05-5420,1,KRAS_g.chr12:25398281C>T_p.G13D,0,TCGA-05-5420,True,0.25,True,False,False
TCGA-05-5423,1,EGFR_g.chr7:55259441G>T_p.L833F;EGFR_g.chr7:55259524T>A_p.L861Q,0,TCGA-05-5423,True,0.59,True,True,False
TCGA-05-5428,1,BRAF_g.chr7:140453155C>T_p.D594N,0,TCGA-05-5428,True,0.63,True,True,False
TCGA-05-5429,0,,0,TCGA-05-5429,True,0.82,True,False,False
TCGA-05-5715,1,ERBB2_g.chr17:37880981_37880982insGCATACGTGATG_p.771_771A>AYVMA,0,TCGA-05-5715,True,0.73,True,True,False
TCGA-35-3615,1,KRAS_g.chr12:25398285C>A_p.G12C,0,TCGA-35-3615,False,0.69,True,False,False
TCGA-35-4122,0,,1,TCGA-35-4122,True,0.21,True,False,False
TCGA-35-4123,1,NRAS_g.chr1:115256530G>T_p.Q61K,0,TCGA-35-4123,True,0.4,True,False,True
TCGA-35-5375,0,,1,TCGA-35-5375,True,0.58,True,False,True
TCGA-38-4625,1,MAP2K1_g.chr15:66727454A>C_p.K57T,0,TCGA-38-4625,True,0.35,True,True,True
TCGA-38-4626,1,KRAS_g.chr12:25398284C>A_p.G12V,0,TCGA-38-4626,True,0.28,True,True,False
TCGA-38-4627,1,EGFR_g.chr7:55259515T>G_p.L858R,0,TCGA-38-4627,True,0.22,True,True,False
TCGA-38-4628,1,EGFR_g.chr7:55242465_55242479delGGAATTAAGAGAAGC_p.ELREA746del,0,TCGA-38-4628,True,0.5,True,True,False
TCGA-38-4629,1,NF1_g.chr17:29560147G>T_p.L1208F;MET_CN_High,0,TCGA-38-4629,True,0.4,True,True,False
TCGA-38-4630,1,ERBB2_CN_High,0,TCGA-38-4630,True,0.79,True,False,False
TCGA-38-4631,1,NF1_g.chr17:29654692A>T_p.Q1815L;MET_CN_High,0,TCGA-38-4631,True,0.49,True,False,False
TCGA-38-4632,1,NRAS_g.chr1:115256529T>A_p.Q61L,0,TCGA-38-4632,True,0.37,True,False,True
TCGA-38-6178,1,EGFR_g.chr7:55242465_55242479delGGAATTAAGAGAAGC_p.ELREA746del,0,TCGA-38-6178,True,0.32,True,True,False
TCGA-38-7271,0,,1,TCGA-38-7271,True,0.26,True,False,False
TCGA-38-A44F,0,,1,TCGA-38-A44F,True,0.26,True,False,False
TCGA-44-2655,0,,1,TCGA-44-2655,True,0.33,True,False,False
TCGA-44-2656,1,ERBB2_g.chr17:37868208C>T_p.S310F;NF1_g.chr17:29562738_29562739delCT_p.T1273fs,0,TCGA-44-2656,True,0.32,True,True,False
TCGA-44-2657,1,ARAF_g.chrX:47426121C>T_p.S214F;NF1_g.chr17:29653005G>T_p.G1668V,0,TCGA-44-2657,True,0.34,True,False,False
TCGA-44-2659,1,NF1_g.chr17:29657518T>A_Splicing;NF1_g.chr17:29667614T>A_p.L2338H;ARHGAP35_g.chr19:47422455G>T_p.D175Y,0,TCGA-44-2659,False,0.42,True,False,False
TCGA-44-2661,1,EGFR_g.chr7:55242465_55242479delGGAATTAAGAGAAGC_p.ELREA746del,0,TCGA-44-2661,True,0.29,True,True,False
TCGA-44-2662,1,BRAF_g.chr7:140453193T>C_p.N581S,0,TCGA-44-2662,True,0.26,True,True,False
TCGA-44-2665,1,ROS1__CLTC__ROS1,0,TCGA-44-2665,True,0.43,True,False,True
TCGA-44-2666,1,BRAF_g.chr7:140453136A>T_p.V600E,0,TCGA-44-2666,True,0.56,True,True,False
TCGA-44-2668,1,KRAS_g.chr12:25398285C>A_p.G12C,0,TCGA-44-2668,True,0.3,True,True,False
TCGA-44-3396,1,ERBB2_g.chr17:37880981_37880982insGCATACGTGATG_p.771_771A>AYVMA,0,TCGA-44-3396,True,0.24,True,False,False
TCGA-44-3398,0,,1,TCGA-44-3398,True,0.19,True,False,False
TCGA-44-3918,1,NF1_g.chr17:29557278G>T_p.R997S,0,TCGA-44-3918,True,0.45,True,True,False
TCGA-44-3919,1,ERBB2_g.chr17:37880981_37880982insGCATACGTGATG_p.771_771A>AYVMA,0,TCGA-44-3919,True,0.51,True,True,False
TCGA-44-4112,0,ARHGAP35_g.chr19:47491246G>T_p.G1276V,1,TCGA-44-4112,True,0.57,True,True,True
TCGA-44-5643,0,,1,TCGA-44-5643,True,0.56,True,False,False
TCGA-44-5644,1,NF1_g.chr17:29548883C>T_p.H553Y;ARHGAP35_g.chr19:47424817G>C_p.S962T;MAPK1_CN_High,0,TCGA-44-5644,True,0.75,True,False,False
TCGA-44-5645,1,EGFR_g.chr7:55248998_55248999insTGGCCAGCG_p.769_770insASV,0,TCGA-44-5645,True,0.54,True,True,False
TCGA-44-6144,1,KRAS_g.chr12:25398285C>A_p.G12C;NF1_g.chr17:29546053G>C_p.G520R,0,TCGA-44-6144,True,0.54,True,False,False
TCGA-44-6145,1,KRAS_g.chr12:25398284C>A_p.G12V,0,TCGA-44-6145,True,0.31,True,True,False
TCGA-44-6146,1,KRAS_g.chr12:25398284C>A_p.G12V,0,TCGA-44-6146,True,0.7,True,True,False
TCGA-44-6147,1,EGFR_g.chr7:55249005G>T_p.S768I;EGFR_g.chr7:55249007G>T_p.V769L,0,TCGA-44-6147,True,0.47,True,True,False
TCGA-44-6148,0,ARHGAP35_g.chr19:47422639T>G_p.V236G,0,TCGA-44-6148,True,0.3,True,False,False
TCGA-44-6774,1,BRAF_g.chr7:140453193T>C_p.N581S,0,TCGA-44-6774,True,0.45,True,True,False
TCGA-44-6775,1,MET__MET_Exon_Skipping;MET_g.chr7:116412035_116412047delTTCCAGAAGGTAT>G_p.1025_1028FPED>Y;NF1_g.chr17:29490291G>T_p.E126*,0,TCGA-44-6775,True,0.27,True,True,False
TCGA-44-6776,1,KRAS_g.chr12:25398284C>T_p.G12D,0,TCGA-44-6776,True,0.65,True,True,False
TCGA-44-6777,1,KRAS_g.chr12:25398285C>A_p.G12C,0,TCGA-44-6777,True,0.34,True,True,False
TCGA-44-6778,0,,1,TCGA-44-6778,True,0.25,True,False,True
TCGA-44-6779,1,RIT1_g.chr1:155874531_155874532insGTATCCAAA_p.76_76T>TLDT,0,TCGA-44-6779,True,0.6,True,False,True
TCGA-44-7659,1,KRAS_g.chr12:25398285C>A_p.G12C,0,TCGA-44-7659,True,0.56,True,True,False
TCGA-44-7660,0,,1,TCGA-44-7660,True,0.58,True,False,False
TCGA-44-7661,1,KRAS_g.chr12:25398284C>A_p.G12V,0,TCGA-44-7661,True,0.29,True,True,False
TCGA-44-7662,1,MET_CN_High,0,TCGA-44-7662,True,0.33,True,True,False
TCGA-44-7667,1,NF1_g.chr17:29541557T>A_p.L494*;NF1_g.chr17:29657487delA_p.E1929fs,0,TCGA-44-7667,True,0.37,True,True,True
TCGA-44-7669,0,,1,TCGA-44-7669,True,0.5,True,False,False
TCGA-44-7670,0,VAV1_g.chr19:6773018C>A_p.S67Y,1,TCGA-44-7670,True,0.5,True,True,False
TCGA-44-7671,1,KRAS_g.chr12:25398285C>A_p.G12C,0,TCGA-44-7671,True,0.58,True,True,False
TCGA-44-7672,1,KRAS_g.chr12:25398284C>G_p.G12A,0,TCGA-44-7672,True,0.21,True,True,False
TCGA-44-8117,0,,1,TCGA-44-8117,True,0.66,True,True,False
TCGA-44-8119,1,NF1_g.chr17:29486064C>G_p.L81V,0,TCGA-44-8119,True,0.55,True,True,True
TCGA-44-8120,0,,1,TCGA-44-8120,True,0.54,True,True,False
TCGA-44-A47A,1,KRAS_g.chr12:25398284C>T_p.G12D,0,TCGA-44-A47A,True,0.34,True,True,False
TCGA-44-A47B,1,ERBB2_g.chr17:37880981_37880982insGCATACGTGATG_p.771_771A>AYVMA,0,TCGA-44-A47B,True,0.5,True,True,False
TCGA-44-A47F,1,KRAS_g.chr12:25398285C>A_p.G12C,0,TCGA-44-A47F,False,0.41,False,False,False
TCGA-44-A47G,1,MET__MET_Exon_Skipping;MET_g.chr7:116412045T>G_Splicing,0,TCGA-44-A47G,True,0.24,True,True,False
TCGA-44-A4SS,1,ERBB2_CN_High;RASA1_g.chr5:86670002T>A_p.I600N,0,TCGA-44-A4SS,True,0.25,True,True,True
TCGA-44-A4SU,1,EGFR_g.chr7:55241707G>T_p.G719C;EGFR_g.chr7:55249005G>T_p.S768I,0,TCGA-44-A4SU,True,0.59,True,True,False
TCGA-49-4486,0,ARHGAP35_g.chr19:47422425G>A_p.D165N,0,TCGA-49-4486,True,0.73,True,False,False
TCGA-49-4487,0,,1,TCGA-49-4487,True,0.17,True,False,False
TCGA-49-4488,1,NF1_g.chr17:29553702G>T_p.G751*,0,TCGA-49-4488,True,0.45,True,False,False
TCGA-49-4490,1,EGFR_g.chr7:55259515T>G_p.L858R,0,TCGA-49-4490,True,0.26,True,True,False
TCGA-49-4494,1,EGFR_g.chr7:55249071C>T_p.T790M;EGFR_g.chr7:55259515T>G_p.L858R,0,TCGA-49-4494,True,0.46,True,True,False
TCGA-49-4501,1,EGFR_g.chr7:55242466_55242480delGAATTAAGAGAAGCA_p.ELREA746del,0,TCGA-49-4501,True,0.43,True,True,False
TCGA-49-4505,1,KRAS_g.chr12:25398285C>A_p.G12C,0,TCGA-49-4505,True,0.45,True,True,False
TCGA-49-4506,1,KRAS_g.chr12:25398281C>T_p.G13D,0,TCGA-49-4506,True,0.25,True,False,False
TCGA-49-4507,0,ARHGAP35_g.chr19:47422497G>A_p.A189T,1,TCGA-49-4507,True,0.35,True,False,False
TCGA-49-4510,1,KRAS_g.chr12:25398284C>T_p.G12D,0,TCGA-49-4510,True,0.64,True,True,False
TCGA-49-4512,1,EGFR_KDD,0,TCGA-49-4512,True,0.32,True,False,False
TCGA-49-4514,1,RIT1_g.chr1:155874261C>A_p.M90I,0,TCGA-49-4514,True,0.35,True,True,True
TCGA-49-6742,0,,0,TCGA-49-6742,True,0.49,True,False,False
TCGA-49-6743,0,,1,TCGA-49-6743,True,0.27,True,False,False
TCGA-49-6744,1,KRAS_g.chr12:25398285C>A_p.G12C,0,TCGA-49-6744,True,0.37,True,False,False
TCGA-49-6745,1,MET__MET_Exon_Skipping;MET_g.chr7:116412044G>T_Splicing,0,TCGA-49-6745,True,0.24,True,True,True
TCGA-49-6761,1,KRAS_g.chr12:25398284C>T_p.G12D,0,TCGA-49-6761,True,0.29,True,False,False
TCGA-49-6767,1,NF1_g.chr17:29654741_29654742insT_p.E1832fs;NF1_g.chr17:29661882G>T_p.E1947*;MET_CN_High,0,TCGA-49-6767,False,0.43,True,False,False
TCGA-49-AAQV,0,,0,TCGA-49-AAQV,True,0.25,True,False,False
TCGA-49-AAR3,1,RASA1_g.chr5:86676363G>C_p.V881L,0,TCGA-49-AAR3,True,0.32,True,False,False
TCGA-49-AAR4,1,NF1_g.chr17:29588728G>A_Splicing;RIT1_g.chr1:155874530C>A_p.A77S,0,TCGA-49-AAR4,True,0.22,True,True,True
TCGA-49-AAR9,0,,0,TCGA-49-AAR9,True,0.75,True,False,False
TCGA-49-AARE,0,,0,TCGA-49-AARE,True,0.42,True,True,False
TCGA-49-AARN,1,BRAF_g.chr7:140453136A>T_p.V600E,0,TCGA-49-AARN,True,0.43,True,False,False
TCGA-49-AARO,1,KRAS_g.chr12:25398284C>G_p.G12A;NF1_g.chr17:29562934A>T_Splicing,0,TCGA-49-AARO,True,0.28,True,True,False
TCGA-49-AARQ,1,KRAS_g.chr12:25398284C>A_p.G12V,0,TCGA-49-AARQ,True,0.52,True,True,False
TCGA-49-AARR,0,,0,TCGA-49-AARR,True,0.64,True,False,False
TCGA-4B-A93V,1,KRAS_g.chr12:25398285C>A_p.G12C,0,TCGA-4B-A93V,True,0.62,True,True,False
TCGA-50-5044,1,BRAF_g.chr7:140453155C>G_p.D594H,0,TCGA-50-5044,True,0.23,True,True,False
TCGA-50-5045,1,NF1_g.chr17:29665721G>C_Splicing,0,TCGA-50-5045,True,0.22,True,False,False
TCGA-50-5049,0,,1,TCGA-50-5049,True,0.26,True,True,True
TCGA-50-5051,1,KRAS_g.chr12:25398285C>A_p.G12C,0,TCGA-50-5051,True,0.59,True,True,False
TCGA-50-5055,1,MET__MET_Exon_Skipping,0,TCGA-50-5055,True,0.13,True,False,False
TCGA-50-5066,1,MET_CN_High,0,TCGA-50-5066,True,0.27,True,False,False
TCGA-50-5068,1,NF1_g.chr17:29661894delC_p.P1951fs;SOS1_g.chr2:39281778T>A_p.N233Y,0,TCGA-50-5068,True,0.24,True,False,False
TCGA-50-5072,1,NF1_g.chr17:29554590T>A_p.L792H,0,TCGA-50-5072,True,0.4,True,False,False
TCGA-50-5930,1,BRAF_g.chr7:140453149C>G_p.G596R,0,TCGA-50-5930,True,0.95,True,True,True
TCGA-50-5931,0,FGFR1_CN_High without overexpression,1,TCGA-50-5931,True,0.86,True,False,False
TCGA-50-5932,1,KRAS_g.chr12:25398285C>A_p.G12C,0,TCGA-50-5932,True,0.84,True,True,False
TCGA-50-5933,1,KRAS_g.chr12:25398285C>A_p.G12C,0,TCGA-50-5933,True,0.3,True,False,False
TCGA-50-5935,1,EGFR_g.chr7:55242466_55242480delGAATTAAGAGAAGCA_p.ELREA746del,0,TCGA-50-5935,True,0.39,True,True,False
TCGA-50-5936,1,KRAS_g.chr12:25398285C>A_p.G12C,0,TCGA-50-5936,True,0.6,True,False,True
TCGA-50-5939,0,,1,TCGA-50-5939,True,0.38,True,False,False
TCGA-50-5941,1,KRAS_g.chr12:25398284C>G_p.G12A,0,TCGA-50-5941,True,0.27,True,True,False
TCGA-50-5942,1,BRAF_g.chr7:140453136A>T_p.V600E,0,TCGA-50-5942,True,0.69,True,True,False
TCGA-50-5944,1,EGFR_g.chr7:55259515T>G_p.L858R,0,TCGA-50-5944,True,0.57,True,True,False
TCGA-50-5946,1,BRAF_g.chr7:140481402C>A_p.G469V;NF1_g.chr17:29586106delT_p.P1463fs,0,TCGA-50-5946,True,0.75,True,True,False
TCGA-50-6590,0,,1,TCGA-50-6590,True,0.25,True,False,False
TCGA-50-6591,1,EGFR_g.chr7:55242490_55242507delAAAGCCAACAAGGAAATC_p.KANKEI754del;EGFR_g.chr7:55259439T>G_p.L833V,0,TCGA-50-6591,True,0.9,True,True,False
TCGA-50-6592,0,,1,TCGA-50-6592,True,0.28,True,False,False
TCGA-50-6593,1,NF1_g.chr17:29562721delG_p.L1267fs;NF1_g.chr17:29679430delT_p.L2538fs,0,TCGA-50-6593,True,0.31,True,False,False
TCGA-50-6594,1,BRAF_g.chr7:140481411C>A_p.G466V,0,TCGA-50-6594,True,0.6,True,True,False
TCGA-50-6595,1,EGFR_g.chr7:55241708G>C_p.G719A;EGFR_g.chr7:55249005G>T_p.S768I,0,TCGA-50-6595,True,0.22,True,True,False
TCGA-50-6597,1,MET_g.chr7:116412042_116412045delAGGT_p.G1028fs,0,TCGA-50-6597,True,0.48,True,True,False
TCGA-50-6673,1,EGFR_g.chr7:55249017_55249018insCCA_p.773_774insH,0,TCGA-50-6673,True,0.35,True,True,False
TCGA-50-7109,1,KRAS_g.chr12:25398285C>A_p.G12C,0,TCGA-50-7109,True,0.44,True,False,False
TCGA-50-8457,1,KRAS_g.chr12:25398284C>G_p.G12A;NF1_g.chr17:29663690G>C_p.C2062S,0,TCGA-50-8457,True,0.6,True,False,False
TCGA-50-8459,1,KRAS_g.chr12:25398285C>A_p.G12C,0,TCGA-50-8459,True,0.29,True,True,False
TCGA-50-8460,1,ALK__EML4__ALK,0,TCGA-50-8460,True,0.42,True,False,False
TCGA-53-7624,0,,1,TCGA-53-7624,True,0.69,True,False,False
TCGA-53-7626,0,,1,TCGA-53-7626,True,0.42,True,True,True
TCGA-53-7813,1,KRAS_g.chr12:25398284C>G_p.G12A,0,TCGA-53-7813,True,0.36,True,True,False
TCGA-53-A4EZ,1,BRAF_g.chr7:140453155C>T_p.D594N,0,TCGA-53-A4EZ,True,0.47,True,True,False
TCGA-55-1592,1,NF1_g.chr17:29657349G>A_p.C1882Y;ERBB2_CN_High,0,TCGA-55-1592,True,0.49,True,True,False
TCGA-55-1594,0,,0,TCGA-55-1594,True,0.55,True,False,False
TCGA-55-1595,1,KRAS_g.chr12:25398285C>A_p.G12C,0,TCGA-55-1595,True,0.52,True,True,False
TCGA-55-1596,1,RIT1_g.chr1:155874285A>C_p.F82L;ERBB2_CN_High,0,TCGA-55-1596,True,0.63,True,False,True
TCGA-55-5899,0,,1,TCGA-55-5899,True,0.67,True,True,False
TCGA-55-6543,1,RET__TRIM33__RET,0,TCGA-55-6543,True,0.65,True,False,False
TCGA-55-6642,1,KRAS_g.chr12:25398284C>A_p.G12V,0,TCGA-55-6642,True,0.37,True,True,False
TCGA-55-6712,0,,1,TCGA-55-6712,True,0.29,True,False,False
TCGA-55-6968,1,BRAF_g.chr7:140453193T>C_p.N581S,0,TCGA-55-6968,True,0.65,True,True,False
TCGA-55-6969,0,,1,TCGA-55-6969,True,0.25,True,False,False
TCGA-55-6970,1,KRAS_g.chr12:25398284C>A_p.G12V,0,TCGA-55-6970,True,0.56,True,True,False
TCGA-55-6971,1,NF1_g.chr17:29664869G>A_p.W2225*,0,TCGA-55-6971,True,0.23,True,False,False
TCGA-55-6972,0,,0,TCGA-55-6972,True,0.83,True,False,False
TCGA-55-6975,1,KRAS_g.chr12:25398282C>A_p.G13C;NF1_g.chr17:29670110C>G_p.F2382L,0,TCGA-55-6975,True,0.46,True,True,False
TCGA-55-6978,1,MET__MET_Exon_Skipping;MET_CN_High,0,TCGA-55-6978,True,0.26,True,False,False
TCGA-55-6979,1,EGFR_g.chr7:55249013_55249014insACCCCC_p.773_774insPH,0,TCGA-55-6979,True,0.33,True,False,False
TCGA-55-6980,1,EGFR_g.chr7:55241679_55241681delAAC_p.709_710ET>D,0,TCGA-55-6980,True,0.31,True,True,False
TCGA-55-6981,1,EGFR_g.chr7:55242468_55242482delATTAAGAGAAGCAAC_p.LREAT747del,0,TCGA-55-6981,True,0.26,True,True,False
TCGA-55-6982,1,MET__MET_Exon_Skipping;MET_g.chr7:116412042_116412047delAGGTAT_p.G1028del,0,TCGA-55-6982,True,0.25,True,True,False
TCGA-55-6983,1,KRAS_g.chr12:25398285C>A_p.G12C,0,TCGA-55-6983,True,0.27,True,True,False
TCGA-55-6984,1,KRAS_g.chr12:25398284C>G_p.G12A,0,TCGA-55-6984,True,0.81,True,True,False
TCGA-55-6985,1,KRAS_g.chr12:25398285C>A_p.G12C,0,TCGA-55-6985,True,0.39,True,False,False
TCGA-55-6986,1,ROS1__EZR__ROS1,0,TCGA-55-6986,True,0.4,True,False,False
TCGA-55-6987,0,,1,TCGA-55-6987,True,0.16,True,False,False
TCGA-55-7227,1,MAP2K1_g.chr15:66729094_66729099delTGGAGA_p.EI102del,0,TCGA-55-7227,True,,True,False,True
TCGA-55-7281,1,KRAS_g.chr12:25398285C>A_p.G12C,0,TCGA-55-7281,True,0.42,True,True,False
TCGA-55-7283,1,KRAS_g.chr12:25398285C>T_p.G12S,0,TCGA-55-7283,True,0.47,True,True,False
TCGA-55-7284,1,KRAS_g.chr12:25398284C>T_p.G12D,0,TCGA-55-7284,True,0.4,True,True,False
TCGA-55-7570,1,FGFR1_CN_High,0,TCGA-55-7570,True,0.57,True,True,False
TCGA-55-7573,1,EGFR_g.chr7:55242466_55242474delGAATTAAGA_p.ELR746del,0,TCGA-55-7573,True,0.33,True,False,False
TCGA-55-7574,0,,1,TCGA-55-7574,True,0.19,True,False,False
TCGA-55-7576,1,KRAS_g.chr12:25398285C>T_p.G12S,0,TCGA-55-7576,True,0.47,True,True,False
TCGA-55-7724,1,NF1_g.chr17:29527502_29527503delAG_p.E318fs;RASA1_g.chr5:86642487A>C_,0,TCGA-55-7724,True,0.28,True,False,False
TCGA-55-7725,1,KRAS_g.chr12:25398284C>A_p.G12V,0,TCGA-55-7725,True,0.61,True,True,False
TCGA-55-7726,1,KRAS_g.chr12:25398285C>A_p.G12C,0,TCGA-55-7726,True,0.26,True,True,False
TCGA-55-7727,1,ARAF_g.chrX:47426121_47426122CC>GT_p.S214C,0,TCGA-55-7727,True,0.56,True,False,True
TCGA-55-7728,1,KRAS_g.chr12:25398284C>A_p.G12V,0,TCGA-55-7728,True,0.42,True,True,False
TCGA-55-7815,1,KRAS_g.chr12:25398284C>A_p.G12V,0,TCGA-55-7815,True,0.29,True,True,False
TCGA-55-7903,1,BRAF_g.chr7:140453136A>T_p.V600E,0,TCGA-55-7903,True,0.64,True,True,False
TCGA-55-7907,1,KRAS_g.chr12:25398285C>A_p.G12C;NF1_g.chr17:29677323G>A_p.D2482N,0,TCGA-55-7907,True,0.39,True,True,True
TCGA-55-7910,1,KRAS_g.chr12:25398282C>A_p.G13C,0,TCGA-55-7910,True,0.58,True,True,False
TCGA-55-7911,1,KRAS_g.chr12:25398284C>A_p.G12V,0,TCGA-55-7911,True,0.23,True,True,False
TCGA-55-7913,1,BRAF_g.chr7:140481402C>G_p.G469A,0,TCGA-55-7913,True,0.35,True,True,False
TCGA-55-7914,1,KRAS_g.chr12:25398285C>A_p.G12C,0,TCGA-55-7914,True,0.56,True,True,False
TCGA-55-7994,1,NF1_g.chr17:29556148A>T_p.N839Y,0,TCGA-55-7994,True,0.51,True,True,True
TCGA-55-7995,1,NF1_g.chr17:29701132G>C_p.A2827P,0,TCGA-55-7995,True,0.49,True,True,False
TCGA-55-8085,0,,1,TCGA-55-8085,True,0.56,True,False,True
TCGA-55-8087,1,EGFR_g.chr7:55242467_55242485delAATTAAGAGAAGCAACATC>T_p.746_752ELREATS>V,0,TCGA-55-8087,True,0.82,True,True,False
TCGA-55-8089,1,NF1_g.chr17:29559881G>T_p.G1160C;ARHGAP35_g.chr19:47491298G>C_p.E1293D,0,TCGA-55-8089,True,0.33,True,True,True
TCGA-55-8090,1,KRAS_g.chr12:25398284C>A_p.G12V,0,TCGA-55-8090,True,0.41,True,True,False
TCGA-55-8091,1,NTRK2__TRIM24__NTRK2,0,TCGA-55-8091,True,0.6,True,False,False
TCGA-55-8092,1,BRAF_g.chr7:140481402C>G_p.G469A,0,TCGA-55-8092,True,0.38,True,True,False
TCGA-55-8094,1,KRAS_g.chr12:25398282C>A_p.G13C,0,TCGA-55-8094,True,0.79,True,True,True
TCGA-55-8096,1,EGFR_g.chr7:55259515T>G_p.L858R,0,TCGA-55-8096,True,0.25,True,True,False
TCGA-55-8097,1,KRAS_g.chr12:25398285C>A_p.G12C;ARHGAP35_g.chr19:47422257C>T_p.R109*,0,TCGA-55-8097,True,0.64,True,True,False
TCGA-55-8203,1,KRAS_g.chr12:25398285C>A_p.G12C,0,TCGA-55-8203,True,0.38,True,True,True
TCGA-55-8204,1,NF1_g.chr17:29657516_29657519delAGTA_p.S1938fs;RASA1_g.chr5:86659176C>T_p.R489C,0,TCGA-55-8204,True,0.34,True,False,False
TCGA-55-8205,1,NF1_g.chr17:29654691C>T_p.Q1815*,0,TCGA-55-8205,True,0.22,True,True,False
TCGA-55-8206,1,EGFR_g.chr7:55242466_55242480delGAATTAAGAGAAGCA_p.ELREA746del,0,TCGA-55-8206,True,0.46,True,True,False
TCGA-55-8207,1,KRAS_g.chr12:25398285C>A_p.G12C,0,TCGA-55-8207,True,0.57,True,True,False
TCGA-55-8208,0,,1,TCGA-55-8208,True,0.24,True,False,False
TCGA-55-8299,1,KRAS_g.chr12:25398285C>A_p.G12C,0,TCGA-55-8299,True,,True,False,False
TCGA-55-8301,0,,1,TCGA-55-8301,True,0.26,True,False,True
TCGA-55-8505,1,RAF1_g.chr3:12645699G>A_p.S257L,0,TCGA-55-8505,False,0.32,True,False,False
TCGA-55-8506,1,EGFR_g.chr7:55259515T>G_p.L858R,0,TCGA-55-8506,True,0.45,True,True,False
TCGA-55-8507,0,,1,TCGA-55-8507,True,0.64,True,False,False
TCGA-55-8508,1,KRAS_g.chr12:25398285C>A_p.G12C,0,TCGA-55-8508,True,0.38,True,True,False
TCGA-55-8510,0,,1,TCGA-55-8510,True,0.28,True,False,False
TCGA-55-8511,1,BRAF_g.chr7:140481411C>A_p.G466V;RASA1_g.chr5:86627277_86627278insT_p.L218fs,0,TCGA-55-8511,True,0.19,True,True,False
TCGA-55-8512,1,KRAS_g.chr12:25398284C>A_p.G12V,0,TCGA-55-8512,True,0.35,True,True,False
TCGA-55-8513,0,,0,TCGA-55-8513,True,0.5,True,False,False
TCGA-55-8514,1,KRAS_g.chr12:25398284C>G_p.G12A,0,TCGA-55-8514,True,0.54,True,True,False
TCGA-55-8614,0,FGFR1_CN_High without overexpression,1,TCGA-55-8614,True,0.32,True,False,False
TCGA-55-8615,1,KRAS_g.chr12:25398285C>A_p.G12C,0,TCGA-55-8615,True,0.57,True,True,False
TCGA-55-8616,1,KRAS_g.chr12:25398285C>A_p.G12C,0,TCGA-55-8616,True,0.39,True,True,False
TCGA-55-8619,0,,1,TCGA-55-8619,True,0.24,True,False,False
TCGA-55-8620,1,MET_CN_High,0,TCGA-55-8620,True,0.62,True,False,False
TCGA-55-8621,1,NF1_g.chr17:29652837G>T_Splicing,0,TCGA-55-8621,True,0.2,True,False,False
TCGA-55-A48X,0,,1,TCGA-55-A48X,True,0.28,True,False,True
TCGA-55-A48Y,0,,1,TCGA-55-A48Y,True,0.36,True,False,False
TCGA-55-A48Z,1,EGFR_g.chr7:55241708G>C_p.G719A,0,TCGA-55-A48Z,True,0.41,True,True,False
TCGA-55-A490,1,KRAS_g.chr12:25398285C>A_p.G12C,0,TCGA-55-A490,True,0.58,True,True,False
TCGA-55-A491,0,,0,TCGA-55-A491,True,0.45,True,False,False
TCGA-55-A492,0,,1,TCGA-55-A492,True,0.54,True,False,False
TCGA-55-A493,0,,1,TCGA-55-A493,True,0.26,True,False,False
TCGA-55-A494,1,KRAS_g.chr12:25398284C>T_p.G12D,0,TCGA-55-A494,True,0.81,True,True,False
TCGA-55-A4DF,0,,1,TCGA-55-A4DF,True,0.42,True,False,False
TCGA-55-A4DG,1,NF1_g.chr17:29652932G>T_p.D1644Y,0,TCGA-55-A4DG,True,0.41,True,False,True
TCGA-55-A57B,1,EGFR_g.chr7:55242468_55242482delATTAAGAGAAGCAAC_p.LREAT747del,0,TCGA-55-A57B,True,0.21,True,True,False
TCGA-62-8394,1,EGFR_g.chr7:55259515T>G_p.L858R,0,TCGA-62-8394,True,0.53,True,True,False
TCGA-62-8395,0,,1,TCGA-62-8395,True,0.65,True,False,False
TCGA-62-8397,1,EGFR_g.chr7:55249002_55249003insCAGCGTGGA_p.768_769insVDS,0,TCGA-62-8397,True,0.69,True,True,False
TCGA-62-8399,0,,1,TCGA-62-8399,True,0.5,True,True,False
TCGA-62-8402,1,EGFR_g.chr7:55242465_55242479delGGAATTAAGAGAAGC_p.ELREA746del,0,TCGA-62-8402,True,0.5,True,True,False
TCGA-62-A46O,1,MAPK1_CN_High,0,TCGA-62-A46O,True,0.82,True,True,False
TCGA-62-A46P,0,,1,TCGA-62-A46P,True,0.7,True,False,True
TCGA-62-A46R,1,KRAS_g.chr12:25398284C>G_p.G12A,0,TCGA-62-A46R,True,0.42,True,True,False
TCGA-62-A46S,1,KRAS_g.chr12:25398281C>T_p.G13D;NF1_g.chr17:29550461G>C_Splicing,0,TCGA-62-A46S,True,0.45,True,True,False
TCGA-62-A46U,1,EGFR_g.chr7:55242466_55242480delGAATTAAGAGAAGCA_p.ELREA746del,0,TCGA-62-A46U,True,0.25,True,True,False
TCGA-62-A46V,1,BRAF_g.chr7:140453136A>T_p.V600E,0,TCGA-62-A46V,True,0.52,False,True,False
TCGA-62-A46Y,1,ROS1__SLC34A2__ROS1,0,TCGA-62-A46Y,True,0.48,True,True,False
TCGA-62-A470,0,,1,TCGA-62-A470,True,0.59,True,False,True
TCGA-62-A471,0,,0,TCGA-62-A471,True,0.46,True,False,False
TCGA-62-A472,1,BRAF_g.chr7:140453136A>T_p.V600E,0,TCGA-62-A472,True,0.4,True,True,False
TCGA-64-1676,1,MAP2K1_g.chr15:66729153T>A_p.C121S,0,TCGA-64-1676,True,0.51,True,False,True
TCGA-64-1677,1,KRAS_g.chr12:25398285C>A_p.G12C,0,TCGA-64-1677,True,0.32,True,False,False
TCGA-64-1678,1,MAP2K1_g.chr15:66727455G>T_p.K57N,0,TCGA-64-1678,True,0.57,True,False,True
TCGA-64-1679,1,NF1_g.chr17:29528427A>G_Splicing,0,TCGA-64-1679,True,0.26,True,True,False
TCGA-64-1680,1,ROS1__CD74__ROS1,0,TCGA-64-1680,True,0.61,True,False,False
TCGA-64-1681,1,EGFR_g.chr7:55259515T>G_p.L858R,0,TCGA-64-1681,True,0.31,True,True,False
TCGA-64-5774,1,KRAS_g.chr12:25398285C>A_p.G12C,0,TCGA-64-5774,True,0.76,True,True,False
TCGA-64-5775,1,KRAS_g.chr12:25380276T>A_p.Q61L,0,TCGA-64-5775,True,0.71,True,True,False
TCGA-64-5778,1,KRAS_g.chr12:25398285C>A_p.G12C,0,TCGA-64-5778,True,0.59,True,True,False
TCGA-64-5779,0,,1,TCGA-64-5779,True,0.44,True,False,False
TCGA-64-5781,1,ARHGAP35_g.chr19:47503629A>G_p.N1395S;RASA1_g.chr5:86648978delG_p.G420fs,0,TCGA-64-5781,True,0.38,True,True,True
TCGA-64-5815,1,KRAS_g.chr12:25380276T>A_p.Q61L,0,TCGA-64-5815,True,0.35,True,True,False
TCGA-67-3770,1,EGFR_g.chr7:55259515T>G_p.L858R,0,TCGA-67-3770,True,0.65,True,True,False
TCGA-67-3771,0,,0,TCGA-67-3771,True,0.46,True,False,True
TCGA-67-3772,1,EGFR_g.chr7:55259515T>G_p.L858R,0,TCGA-67-3772,False,0.45,True,False,False
TCGA-67-3773,1,KRAS_g.chr12:25398284C>A_p.G12V,0,TCGA-67-3773,True,0.7,True,True,False
TCGA-67-3774,1,KRAS_g.chr12:25398284_25398285CC>AA_p.G12F,0,TCGA-67-3774,True,0.48,True,True,False
TCGA-67-4679,1,KRAS_g.chr12:25398284C>G_p.G12A,0,TCGA-67-4679,True,0.71,True,True,False
TCGA-67-6215,1,ALK__EML4__ALK,0,TCGA-67-6215,True,0.69,True,False,False
TCGA-67-6216,1,ALK__EML4__ALK,0,TCGA-67-6216,True,0.56,True,False,False
TCGA-67-6217,1,EGFR_g.chr7:55259515T>G_p.L858R,0,TCGA-67-6217,True,0.25,True,True,False
TCGA-69-7760,1,EGFR_g.chr7:55241679_55241681delAAC_p.709_710ET>D,0,TCGA-69-7760,True,0.65,True,True,False
TCGA-69-7761,1,ERBB2_CN_High,0,TCGA-69-7761,True,0.23,True,False,False
TCGA-69-7763,0,,1,TCGA-69-7763,True,0.35,True,False,False
TCGA-69-7764,1,NF1_g.chr17:29667604A>C_p.T2335P;RASA1_g.chr5:86627281C>A_p.S219*,0,TCGA-69-7764,True,0.8,True,False,False
TCGA-69-7765,1,BRAF_g.chr7:140481402C>A_p.G469V;NF1_g.chr17:29663414G>T_p.G2024*;RAF1_g.chr3:12645693G>A_p.S259F,0,TCGA-69-7765,True,0.41,True,True,False
TCGA-69-7973,1,KRAS_g.chr12:25398285C>A_p.G12C,0,TCGA-69-7973,True,0.55,True,True,False
TCGA-69-7974,1,KRAS_g.chr12:25380275T>A_p.Q61H,0,TCGA-69-7974,True,0.29,True,True,False
TCGA-69-7978,1,KRAS_g.chr12:25398285C>A_p.G12C;NF1_g.chr17:29676187delA_p.L2413fs;ARHGAP35_g.chr19:47422312C>G_p.S127*;ARHGAP35_g.chr19:47423193G>C_p.E421Q,0,TCGA-69-7978,True,0.2,True,True,False
TCGA-69-7979,1,NF1_g.chr17:29556374G>T_p.R914L;PDGFRA_CN_High;KIT_CN_High;KDR_CN_High;MAPK1_CN_High,0,TCGA-69-7979,True,0.53,True,False,True
TCGA-69-7980,1,KRAS_g.chr12:25398284C>G_p.G12A,0,TCGA-69-7980,True,0.55,True,True,False
TCGA-69-8253,1,KRAS_g.chr12:25398284C>T_p.G12D,0,TCGA-69-8253,True,0.39,True,True,False
TCGA-69-8254,1,KRAS_g.chr12:25398284C>T_p.G12D,0,TCGA-69-8254,True,0.41,True,True,False
TCGA-69-8255,0,,1,TCGA-69-8255,True,0.37,True,True,False
TCGA-69-A59K,1,ERBB2_CN_High,0,TCGA-69-A59K,True,,True,False,False
TCGA-71-6725,1,EGFR_g.chr7:55242469_55242481delTTAAGAGAAGCAA>C_p.747_751LREAT>P,0,TCGA-71-6725,True,0.63,True,True,False
TCGA-73-4659,1,KRAS_g.chr12:25398284C>A_p.G12V,0,TCGA-73-4659,True,0.33,True,True,False
TCGA-73-4662,1,KRAS_g.chr12:25398285C>A_p.G12C,0,TCGA-73-4662,True,0.48,True,True,False
TCGA-73-4666,1,RIT1_g.chr1:155874530C>A_p.A77S,0,TCGA-73-4666,True,0.45,True,False,True
TCGA-73-4668,1,KRAS_g.chr12:25398282C>A_p.G13C,0,TCGA-73-4668,True,0.53,True,False,False
TCGA-73-4670,0,,1,TCGA-73-4670,True,0.62,True,True,False
TCGA-73-4675,1,RIT1_g.chr1:155874278_155874283delTGGCTG_p.TA83del,0,TCGA-73-4675,True,0.57,True,False,True
TCGA-73-4676,1,NF1_g.chr17:29676209delA_p.N2421fs,0,TCGA-73-4676,True,0.77,True,False,True
TCGA-73-4677,1,KRAS_g.chr12:25398284C>G_p.G12A,0,TCGA-73-4677,True,0.47,True,True,False
TCGA-73-7498,1,KRAS_g.chr12:25398285C>A_p.G12C,0,TCGA-73-7498,True,0.62,True,True,False
TCGA-73-7499,0,,0,TCGA-73-7499,True,0.38,True,False,False
TCGA-73-A9RS,0,,0,TCGA-73-A9RS,True,0.61,True,True,False
TCGA-75-5122,1,MET__MET_Exon_Skipping;MET_g.chr7:116412045T>C_Splicing,0,TCGA-75-5122,True,0.32,True,True,False
TCGA-75-5125,0,,1,TCGA-75-5125,True,0.31,True,True,False
TCGA-75-5126,1,KRAS_g.chr12:25398285C>A_p.G12C,0,TCGA-75-5126,True,0.24,True,True,False
TCGA-75-5146,1,BRAF_g.chr7:140481402C>A_p.G469V,0,TCGA-75-5146,True,0.58,True,True,False
TCGA-75-5147,0,,0,TCGA-75-5147,True,0.4,True,False,False
TCGA-75-6203,1,RET__CCDC6__RET,0,TCGA-75-6203,True,0.26,True,False,False
TCGA-75-6205,1,MET__MET_Exon_Skipping;MET_g.chr7:116412024C>G_p.Y1021*,0,TCGA-75-6205,True,0.27,True,False,False
TCGA-75-6206,1,KRAS_g.chr12:25398281C>T_p.G13D;ARHGAP35_g.chr19:47424435C>G_p.L835V,0,TCGA-75-6206,True,0.7,True,True,False
TCGA-75-6207,1,EGFR_g.chr7:55242465_55242479delGGAATTAAGAGAAGC_p.ELREA746del,0,TCGA-75-6207,True,0.64,True,True,False
TCGA-75-6211,1,NF1_g.chr17:29663445C>T_p.T2034I,0,TCGA-75-6211,True,0.39,True,False,True
TCGA-75-6212,1,EGFR_g.chr7:55242466_55242474delGAATTAAGA_p.ELR746del,0,TCGA-75-6212,True,0.43,True,True,False
TCGA-75-6214,0,,1,TCGA-75-6214,True,0.64,True,False,False
TCGA-75-7025,1,EGFR_g.chr7:55242465_55242479delGGAATTAAGAGAAGC_p.ELREA746del,0,TCGA-75-7025,True,0.34,True,True,False
TCGA-75-7027,1,KRAS_g.chr12:25398284C>A_p.G12V,0,TCGA-75-7027,True,0.62,True,True,False
TCGA-75-7030,1,KRAS_g.chr12:25398284C>T_p.G12D,0,TCGA-75-7030,True,,True,False,False
TCGA-75-7031,1,MAPK1_CN_High,0,TCGA-75-7031,True,0.49,True,True,False
TCGA-78-7145,1,KRAS_g.chr12:25398284_25398285CC>TA_p.G12Y,0,TCGA-78-7145,True,0.63,True,True,False
TCGA-78-7146,1,NF1_g.chr17:29654858G>T_Splicing,0,TCGA-78-7146,True,0.68,True,True,False
TCGA-78-7147,1,EGFR_g.chr7:55259524T>A_p.L861Q,0,TCGA-78-7147,True,0.62,True,True,True
TCGA-78-7148,1,KRAS_g.chr12:25398285C>A_p.G12C,0,TCGA-78-7148,True,0.6,True,True,False
TCGA-78-7149,0,,1,TCGA-78-7149,True,0.6,True,False,False
TCGA-78-7150,0,,1,TCGA-78-7150,True,0.46,True,True,False
TCGA-78-7152,1,SOS1_g.chr2:39281778T>A_p.N233Y,0,TCGA-78-7152,True,0.55,True,False,True
TCGA-78-7153,1,BRAF_g.chr7:140481411C>G_p.G466A,0,TCGA-78-7153,True,0.57,True,True,False
TCGA-78-7154,1,MET_CN_High;ERBB2_CN_High,0,TCGA-78-7154,True,0.5,True,True,False
TCGA-78-7155,0,,1,TCGA-78-7155,True,0.82,True,True,False
TCGA-78-7156,0,,0,TCGA-78-7156,True,0.8,True,False,False
TCGA-78-7158,0,,0,TCGA-78-7158,True,0.9,True,True,False
TCGA-78-7159,0,,1,TCGA-78-7159,True,0.29,True,False,False
TCGA-78-7160,1,KRAS_g.chr12:25398284C>T_p.G12D,0,TCGA-78-7160,True,0.29,True,True,False
TCGA-78-7161,1,KRAS_g.chr12:25398284C>A_p.G12V,0,TCGA-78-7161,True,0.75,True,True,False
TCGA-78-7162,0,,1,TCGA-78-7162,True,0.27,True,False,False
TCGA-78-7163,1,ALK__EML4__ALK,0,TCGA-78-7163,True,0.68,True,False,False
TCGA-78-7166,1,KRAS_g.chr12:25398285C>A_p.G12C,0,TCGA-78-7166,True,0.63,True,True,False
TCGA-78-7167,1,KRAS_g.chr12:25398284_25398285CC>AA_p.G12F,0,TCGA-78-7167,True,0.84,True,True,False
TCGA-78-7220,1,MET__CAPZA2__MET,0,TCGA-78-7220,True,0.61,True,True,True
TCGA-78-7535,1,NF1_g.chr17:29490318_29490321delCGGA_p.RN135fs,0,TCGA-78-7535,True,0.6,True,False,False
TCGA-78-7536,0,,1,TCGA-78-7536,True,0.78,True,False,False
TCGA-78-7537,1,BRAF_g.chr7:140481411C>A_p.G466V,0,TCGA-78-7537,True,0.74,True,True,False
TCGA-78-7539,1,KRAS_g.chr12:25398285C>A_p.G12C,0,TCGA-78-7539,True,0.52,True,True,False
TCGA-78-7540,1,KRAS_g.chr12:25398284C>A_p.G12V,0,TCGA-78-7540,True,0.59,True,True,False
TCGA-78-7542,1,NF1_g.chr17:29667523_29667527delGACTC_p.DS2308fs;MET_CN_High,0,TCGA-78-7542,True,0.35,True,True,False
TCGA-78-7633,1,BRAF_g.chr7:140481402_140481403CC>AA_p.G469L,0,TCGA-78-7633,True,0.75,True,True,False
TCGA-78-8640,0,,1,TCGA-78-8640,True,0.35,True,True,False
TCGA-78-8648,0,,0,TCGA-78-8648,True,,True,False,False
TCGA-78-8655,1,KRAS_g.chr12:25398285C>T_p.G12S,0,TCGA-78-8655,True,0.46,True,True,False
TCGA-78-8660,1,MAP2K1_g.chr15:66727455G>T_p.K57N,0,TCGA-78-8660,True,0.33,True,True,True
TCGA-78-8662,1,BRAF_g.chr7:140481411C>A_p.G466V;ARHGAP35_g.chr19:47424611delA_p.V893fs,0,TCGA-78-8662,True,0.79,True,True,False
TCGA-80-5607,1,BRAF_g.chr7:140453136A>T_p.V600E,0,TCGA-80-5607,True,0.49,True,True,False
TCGA-80-5608,1,KRAS_g.chr12:25398284C>G_p.G12A,0,TCGA-80-5608,True,0.48,True,True,False
TCGA-80-5611,0,ARHGAP35_g.chr19:47424388C>T_p.S819F,0,TCGA-80-5611,True,0.51,True,False,False
TCGA-83-5908,1,KRAS_g.chr12:25398284C>G_p.G12A,0,TCGA-83-5908,True,0.4,True,True,True
TCGA-86-6562,1,ERBB2_g.chr17:37880997_37880998insTCT_p.776_776G>VC,0,TCGA-86-6562,True,0.46,True,True,False
TCGA-86-6851,0,,1,TCGA-86-6851,True,0.32,True,True,False
TCGA-86-7701,0,,1,TCGA-86-7701,True,0.42,True,False,False
TCGA-86-7711,0,,1,TCGA-86-7711,True,0.33,True,True,False
TCGA-86-7713,1,KRAS_g.chr12:25398285C>A_p.G12C,0,TCGA-86-7713,True,0.65,True,True,False
TCGA-86-7714,1,BRAF_g.chr7:140453136A>T_p.V600E,0,TCGA-86-7714,True,0.67,True,True,False
TCGA-86-7953,1,KRAS_g.chr12:25398284C>T_p.G12D,0,TCGA-86-7953,True,0.35,True,True,False
TCGA-86-7954,0,,1,TCGA-86-7954,True,0.27,True,False,False
TCGA-86-7955,0,,1,TCGA-86-7955,True,0.73,True,False,False
TCGA-86-8054,1,KRAS_g.chr12:25398284C>A_p.G12V,0,TCGA-86-8054,True,0.74,True,True,False
TCGA-86-8055,1,EGFR_g.chr7:55259515T>G_p.L858R,0,TCGA-86-8055,True,0.28,True,True,False
TCGA-86-8056,1,KRAS_g.chr12:25398284C>T_p.G12D,0,TCGA-86-8056,True,0.37,False,True,False
TCGA-86-8073,1,NF1_g.chr17:29556952G>T_p.G984W,0,TCGA-86-8073,True,0.43,True,True,False
TCGA-86-8074,1,EGFR_g.chr7:55242465_55242479delGGAATTAAGAGAAGC_p.ELREA746del;KIT_CN_High;KDR_CN_High,0,TCGA-86-8074,True,0.51,True,True,False
TCGA-86-8075,1,EGFR_g.chr7:55259515T>G_p.L858R,0,TCGA-86-8075,True,0.3,True,True,False
TCGA-86-8076,1,KRAS_g.chr12:25398284C>T_p.G12D,0,TCGA-86-8076,True,0.24,True,True,False
TCGA-86-8278,1,ROS1__CD74__ROS1,0,TCGA-86-8278,True,0.56,True,False,False
TCGA-86-8279,1,NF1_g.chr17:29550532A>T_p.K598*,0,TCGA-86-8279,True,0.5,True,True,False
TCGA-86-8280,1,EGFR_g.chr7:55242465_55242479delGGAATTAAGAGAAGC_p.ELREA746del,0,TCGA-86-8280,True,0.45,True,True,False
TCGA-86-8281,1,KRAS_g.chr12:25398285C>A_p.G12C;ARHGAP35_g.chr19:47424934C>G_p.S1001*,0,TCGA-86-8281,True,0.54,True,False,False
TCGA-86-8358,0,,1,TCGA-86-8358,False,0.72,True,False,False
TCGA-86-8359,1,KRAS_g.chr12:25398284C>G_p.G12A,0,TCGA-86-8359,True,0.44,True,True,False
TCGA-86-8585,0,,1,TCGA-86-8585,True,0.29,True,True,False
TCGA-86-8668,1,EGFR_g.chr7:55259515T>G_p.L858R,0,TCGA-86-8668,True,0.41,True,True,False
TCGA-86-8669,1,NF1_g.chr17:29677299G>A_p.D2474N,0,TCGA-86-8669,True,0.57,True,True,False
TCGA-86-8671,1,EGFR_g.chr7:55242482_55242506delCATCTCCGAAAGCCAACAAGGAAAT>A_p.751_758LREATSP>N,0,TCGA-86-8671,True,1.0,True,False,False
TCGA-86-8672,1,MET_CN_High,0,TCGA-86-8672,True,0.32,True,False,False
TCGA-86-8673,0,,1,TCGA-86-8673,True,0.4,True,False,False
TCGA-86-8674,1,KRAS_g.chr12:25398282C>A_p.G13C,0,TCGA-86-8674,True,0.58,True,True,False
TCGA-86-A456,1,KRAS_g.chr12:25398284C>A_p.G12V,0,TCGA-86-A456,True,0.36,True,True,False
TCGA-86-A4JF,1,KRAS_g.chr12:25398284C>A_p.G12V,0,TCGA-86-A4JF,True,0.25,True,True,True
TCGA-86-A4P7,1,EGFR_g.chr7:55241679_55241681delAAC_p.709_710ET>D,0,TCGA-86-A4P7,True,0.19,True,False,False
TCGA-86-A4P8,1,ALK__EML4__ALK,0,TCGA-86-A4P8,False,0.46,True,False,False
TCGA-91-6828,1,KRAS_g.chr12:25398284C>A_p.G12V,0,TCGA-91-6828,True,0.37,True,True,False
TCGA-91-6829,1,NF1_g.chr17:29527486G>C_p.G312A,0,TCGA-91-6829,True,0.49,True,True,False
TCGA-91-6830,0,,1,TCGA-91-6830,True,0.28,True,True,False
TCGA-91-6831,1,FGFR1_CN_High,0,TCGA-91-6831,True,0.5,True,True,False
TCGA-91-6835,1,EGFR_g.chr7:55259515T>G_p.L858R;ARHGAP35_g.chr19:47422502A>T_p.K190N,0,TCGA-91-6835,True,0.21,True,True,False
TCGA-91-6836,1,KRAS_g.chr12:25398284C>G_p.G12A,0,TCGA-91-6836,True,0.67,True,True,False
TCGA-91-6840,0,,0,TCGA-91-6840,True,0.62,True,False,False
TCGA-91-6847,1,EGFR_g.chr7:55259524T>A_p.L861Q,0,TCGA-91-6847,True,0.85,True,False,False
TCGA-91-6848,0,ARHGAP35_g.chr19:47423737T>C_p.I602T,0,TCGA-91-6848,True,0.31,True,True,False
TCGA-91-6849,1,KRAS_g.chr12:25398285C>A_p.G12C,0,TCGA-91-6849,True,0.62,True,False,False
TCGA-91-7771,0,RASA1_g.chr5:86645175A>G_p.Y416C,1,TCGA-91-7771,True,0.32,True,False,False
TCGA-91-8496,1,EGFR_g.chr7:55242467_55242485delAATTAAGAGAAGCAACATC>T_p.746_752ELREATS>V,0,TCGA-91-8496,True,0.5,True,True,False
TCGA-91-8497,1,KRAS_g.chr12:25398285C>A_p.G12C,0,TCGA-91-8497,True,0.45,True,False,False
TCGA-91-8499,1,FGFR1_CN_High,0,TCGA-91-8499,True,0.77,True,False,False
TCGA-91-A4BC,0,,1,TCGA-91-A4BC,True,0.22,True,False,False
TCGA-91-A4BD,1,BRAF_g.chr7:140453136A>T_p.V600E,0,TCGA-91-A4BD,True,0.55,True,True,False
TCGA-93-7347,1,KRAS_g.chr12:25398285C>A_p.G12C,0,TCGA-93-7347,True,0.3,True,False,False
TCGA-93-7348,1,MET__MET_Exon_Skipping;MET_g.chr7:116412044G>A_Splicing,0,TCGA-93-7348,True,0.45,True,True,False
TCGA-93-8067,1,KRAS_g.chr12:25398284C>A_p.G12V,0,TCGA-93-8067,True,0.32,True,True,False
TCGA-93-A4JN,1,MET__KIF5B__MET,0,TCGA-93-A4JN,True,0.37,True,False,False
TCGA-93-A4JO,1,KRAS_g.chr12:25398284C>T_p.G12D,0,TCGA-93-A4JO,True,0.2,True,True,False
TCGA-93-A4JP,1,EGFR_g.chr7:55259524T>A_p.L861Q,0,TCGA-93-A4JP,True,0.27,True,True,False
TCGA-93-A4JQ,1,MET__MET_Exon_Skipping,0,TCGA-93-A4JQ,True,0.2,True,False,False
TCGA-95-7039,0,,1,TCGA-95-7039,True,0.41,True,True,False
TCGA-95-7043,1,NF1_g.chr17:29562765G>T_p.S1282I;NF1_g.chr17:29653020A>G_p.N1673S;FGFR1_CN_High,0,TCGA-95-7043,True,0.76,True,True,False
TCGA-95-7562,1,KRAS_g.chr12:25398285C>A_p.G12C,0,TCGA-95-7562,True,0.55,True,True,False
TCGA-95-7567,1,KRAS_g.chr12:25398284C>A_p.G12V;ARHGAP35_g.chr19:47424279C>T_p.R783*,0,TCGA-95-7567,True,0.53,True,True,False
TCGA-95-7944,1,NF1_g.chr17:29664546_29664547delTT_p.F2197fs,0,TCGA-95-7944,True,0.41,True,False,True
TCGA-95-7947,1,ERBB2_CN_High,0,TCGA-95-7947,True,0.66,True,True,False
TCGA-95-7948,0,,1,TCGA-95-7948,True,0.71,True,False,True
TCGA-95-8039,1,MET__MET_Exon_Skipping,0,TCGA-95-8039,True,0.47,True,False,False
TCGA-95-8494,0,,0,TCGA-95-8494,True,0.53,True,False,False
TCGA-95-A4VK,1,KRAS_g.chr12:25398284C>A_p.G12V,0,TCGA-95-A4VK,True,0.57,True,False,False
TCGA-95-A4VN,1,KRAS_g.chr12:25398284C>A_p.G12V,0,TCGA-95-A4VN,True,0.18,True,True,False
TCGA-95-A4VP,1,KRAS_g.chr12:25398284C>A_p.G12V,0,TCGA-95-A4VP,True,0.3,True,True,False
TCGA-97-7546,1,RAF1_g.chr3:12645699G>A_p.S257L,0,TCGA-97-7546,True,0.67,True,False,True
TCGA-97-7547,1,NF1_g.chr17:29664508G>A_p.D2184N,0,TCGA-97-7547,True,0.55,True,True,True
TCGA-97-7552,0,,1,TCGA-97-7552,True,0.18,True,False,False
TCGA-97-7553,1,NF1_g.chr17:29665755_29665756insA_p.Y2285fs,0,TCGA-97-7553,True,0.29,True,False,False
TCGA-97-7554,1,KRAS_g.chr12:25398284C>A_p.G12V,0,TCGA-97-7554,True,0.29,True,True,False
TCGA-97-7937,0,,1,TCGA-97-7937,True,0.59,True,False,False
TCGA-97-7938,1,KRAS_g.chr12:25398285C>A_p.G12C,0,TCGA-97-7938,True,0.61,True,True,False
TCGA-97-7941,1,KRAS_g.chr12:25398284C>G_p.G12A,0,TCGA-97-7941,True,0.36,True,True,False
TCGA-97-8171,1,EGFR_g.chr7:55242465_55242479delGGAATTAAGAGAAGC_p.ELREA746del,0,TCGA-97-8171,True,0.82,True,True,False
TCGA-97-8172,0,ARHGAP35_g.chr19:47422306T>C_p.L125P,1,TCGA-97-8172,True,0.32,True,False,False
TCGA-97-8174,0,,1,TCGA-97-8174,True,0.3,True,False,True
TCGA-97-8175,1,ERBB2_g.chr17:37880981_37880982insGCATACGTGATG_p.771_771A>AYVMA,0,TCGA-97-8175,True,0.43,True,True,False
TCGA-97-8176,1,KRAS_g.chr12:25398285C>T_p.G12S,0,TCGA-97-8176,True,0.53,True,True,False
TCGA-97-8177,1,EGFR_g.chr7:55259515T>G_p.L858R,0,TCGA-97-8177,True,0.25,True,True,False
TCGA-97-8179,0,,1,TCGA-97-8179,True,0.48,True,True,False
TCGA-97-8547,1,EGFR_g.chr7:55242465_55242479delGGAATTAAGAGAAGC_p.ELREA746del,0,TCGA-97-8547,True,0.48,True,True,False
TCGA-97-8552,1,EGFR_g.chr7:55242466_55242480delGAATTAAGAGAAGCA_p.ELREA746del,0,TCGA-97-8552,True,0.27,True,True,False
TCGA-97-A4LX,0,,1,TCGA-97-A4LX,True,0.2,True,False,False
TCGA-97-A4M0,1,KRAS_g.chr12:25398285C>A_p.G12C,0,TCGA-97-A4M0,True,0.55,True,True,False
TCGA-97-A4M1,1,EGFR_g.chr7:55259515T>G_p.L858R,0,TCGA-97-A4M1,True,0.36,True,True,False
TCGA-97-A4M2,0,,1,TCGA-97-A4M2,False,0.37,True,False,False
TCGA-97-A4M3,1,ARHGAP35_g.chr19:47422924A>T_p.E331V;ARHGAP35_g.chr19:47423821G>T_p.G630V;SOS1_g.chr2:39281778T>A_p.N233Y,0,TCGA-97-A4M3,True,0.69,True,False,True
TCGA-97-A4M5,1,KRAS_g.chr12:25398285C>A_p.G12C,0,TCGA-97-A4M5,True,0.25,True,True,False
TCGA-97-A4M6,1,EGFR_g.chr7:55242465_55242479delGGAATTAAGAGAAGC_p.ELREA746del,0,TCGA-97-A4M6,True,0.43,True,True,False
TCGA-97-A4M7,1,BRAF_g.chr7:140453149C>T_p.G596S;EGFR_g.chr7:55259515T>G_p.L858R,0,TCGA-97-A4M7,True,0.37,True,True,False
TCGA-99-7458,1,KRAS_g.chr12:25398285C>G_p.G12R,0,TCGA-99-7458,True,0.36,True,False,False
TCGA-99-8025,1,KRAS_g.chr12:25398282C>A_p.G13C,0,TCGA-99-8025,True,0.43,True,True,False
TCGA-99-8028,1,KRAS_g.chr12:25398285C>A_p.G12C,0,TCGA-99-8028,True,0.18,True,True,False
TCGA-99-8032,1,KRAS_g.chr12:25398285C>A_p.G12C,0,TCGA-99-8032,True,0.31,True,True,False
TCGA-99-8033,1,KRAS_g.chr12:25398282C>A_p.G13C,0,TCGA-99-8033,True,0.29,True,False,False
TCGA-99-AA5R,0,,0,TCGA-99-AA5R,True,0.96,True,False,False
TCGA-J2-8192,1,EGFR_g.chr7:55242466_55242480delGAATTAAGAGAAGCA_p.ELREA746del,0,TCGA-J2-8192,True,0.41,True,True,True
TCGA-J2-8194,1,KRAS_g.chr12:25398285C>A_p.G12C,0,TCGA-J2-8194,True,0.44,True,True,False
TCGA-J2-A4AD,0,,1,TCGA-J2-A4AD,True,0.57,True,False,False
TCGA-J2-A4AE,1,MET__MET_Exon_Skipping;MET_g.chr7:116412043delG_p.D1028fs,0,TCGA-J2-A4AE,True,0.52,True,False,False
TCGA-J2-A4AG,1,KRAS_g.chr12:25398284C>T_p.G12D,0,TCGA-J2-A4AG,True,0.31,True,True,False
TCGA-L4-A4E5,1,NF1_g.chr17:29652853A>T_p.Q1617H;PDGFRA_CN_High;KIT_CN_High;KDR_CN_High,0,TCGA-L4-A4E5,True,0.66,True,False,False
TCGA-L9-A443,1,KRAS_g.chr12:25398284C>A_p.G12V,0,TCGA-L9-A443,True,0.48,True,True,False
TCGA-L9-A444,1,NF1_g.chr17:29670153G>T_p.G2397W,0,TCGA-L9-A444,True,0.37,True,False,True
TCGA-L9-A50W,1,EGFR_g.chr7:55249071C>T_p.T790M;EGFR_g.chr7:55259515T>G_p.L858R,0,TCGA-L9-A50W,True,0.76,True,True,False
TCGA-L9-A5IP,1,NF1_g.chr17:29576001G>T_Splicing,0,TCGA-L9-A5IP,True,0.53,True,False,False
TCGA-L9-A7SV,0,,0,TCGA-L9-A7SV,True,0.83,True,False,False
TCGA-L9-A8F4,0,,0,TCGA-L9-A8F4,True,0.32,True,True,False
TCGA-MN-A4N1,1,BRAF_g.chr7:140481417C>A_p.G464V,0,TCGA-MN-A4N1,True,0.48,True,True,False
TCGA-MN-A4N4,0,,0,TCGA-MN-A4N4,True,0.34,True,True,False
TCGA-MN-A4N5,1,KRAS_g.chr12:25398285C>A_p.G12C;RASA1_g.chr5:86686669A>G_p.N1038S,0,TCGA-MN-A4N5,True,0.38,True,True,False
TCGA-MP-A4SW,1,EGFR_g.chr7:55259515T>G_p.L858R,0,TCGA-MP-A4SW,True,0.46,True,True,False
TCGA-MP-A4T2,0,,1,TCGA-MP-A4T2,True,0.48,False,False,False
TCGA-MP-A4T4,1,KRAS_g.chr12:25398284C>A_p.G12V,0,TCGA-MP-A4T4,True,,True,True,False
TCGA-MP-A4T6,1,EGFR_g.chr7:55242466_55242474delGAATTAAGA_p.ELR746del,0,TCGA-MP-A4T6,True,,True,True,False
TCGA-MP-A4T7,1,KRAS_g.chr12:25398284C>A_p.G12V,0,TCGA-MP-A4T7,True,0.34,True,True,False
TCGA-MP-A4T8,1,KRAS_g.chr12:25398284C>T_p.G12D,0,TCGA-MP-A4T8,True,0.59,True,True,False
TCGA-MP-A4T9,1,EGFR_g.chr7:55259515T>G_p.L858R,0,TCGA-MP-A4T9,True,0.18,True,True,False
TCGA-MP-A4TA,0,,1,TCGA-MP-A4TA,True,0.33,True,True,False
TCGA-MP-A4TC,1,RASA1_g.chr5:86672758C>T_p.R749*,0,TCGA-MP-A4TC,True,0.45,True,False,False
TCGA-MP-A4TD,1,KRAS_g.chr12:25398285C>A_p.G12C,0,TCGA-MP-A4TD,True,,True,True,False
TCGA-MP-A4TE,1,KRAS_g.chr12:25398285C>A_p.G12C,0,TCGA-MP-A4TE,True,0.68,True,True,False
TCGA-MP-A4TF,1,KRAS_g.chr12:25398285C>A_p.G12C,0,TCGA-MP-A4TF,True,0.29,True,True,False
TCGA-MP-A4TH,0,,1,TCGA-MP-A4TH,True,0.4,True,False,False
TCGA-MP-A4TI,1,KRAS_g.chr12:25398285C>A_p.G12C,0,TCGA-MP-A4TI,False,0.22,True,False,False
TCGA-MP-A4TJ,1,KRAS_g.chr12:25398284C>A_p.G12V,0,TCGA-MP-A4TJ,True,,True,True,False
TCGA-MP-A4TK,1,KRAS_g.chr12:25398284C>A_p.G12V,0,TCGA-MP-A4TK,True,0.34,True,False,False
TCGA-MP-A5C7,0,,1,TCGA-MP-A5C7,True,0.87,True,True,False
TCGA-NJ-A4YF,0,,0,TCGA-NJ-A4YF,True,0.55,True,False,False
TCGA-NJ-A4YG,1,KRAS_g.chr12:25398284C>T_p.G12D,0,TCGA-NJ-A4YG,True,0.32,True,True,False
TCGA-NJ-A4YI,1,KRAS_g.chr12:25398285C>A_p.G12C,0,TCGA-NJ-A4YI,True,0.58,True,True,False
TCGA-NJ-A4YP,1,KRAS_g.chr12:25380277G>C_p.Q61E,0,TCGA-NJ-A4YP,True,0.23,True,True,False
TCGA-NJ-A4YQ,0,,1,TCGA-NJ-A4YQ,True,0.29,True,False,True
TCGA-NJ-A55A,1,NF1_g.chr17:29585418delC_p.F1410fs,0,TCGA-NJ-A55A,True,0.21,True,False,False
TCGA-NJ-A55O,1,KRAS_g.chr12:25398285C>A_p.G12C,0,TCGA-NJ-A55O,True,,True,True,False
TCGA-NJ-A55R,1,KRAS_g.chr12:25398284C>G_p.G12A,0,TCGA-NJ-A55R,True,0.23,True,True,True
TCGA-NJ-A7XG,1,ROS1__EZR__ROS1,0,TCGA-NJ-A7XG,True,0.62,True,False,False
TCGA-O1-A52J,1,EGFR_g.chr7:55242469_55242488delTTAAGAGAAGCAACATCTCC>CA_p.747_753LREATSP>Q,0,TCGA-O1-A52J,True,0.5,True,True,False
TCGA-S2-AA1A,1,KRAS_g.chr12:25398285C>A_p.G12C,0,TCGA-S2-AA1A,True,0.32,True,False,False
