pid,onco_reason
C3L-00093,EGFR:A871G; EGFR:L858R
C3L-00094,KRAS:G12D
C3L-00140,BRAF:D594G
C3L-00263,KRAS:G12C
C3L-00279,KRAS:G12D
C3L-00368,EGFR:G719A; EGFR:S768I
C3L-00412,KRAS:G12C
C3L-00510,EGFR:L62R; EGFR:L858R
C3L-00604,EGFR:E746_A750del
C3L-00893,EGFR:E746_A750del
C3L-00913,KRAS:G13C
C3L-00973,KRAS:G12D
C3L-01330,EGFR:L858R
C3L-01632,KRAS:G12C
C3L-01862,KRAS:Q61H
C3L-01889,BRAF:N581S
C3L-01924,KRAS:G12C
C3L-02219,EGFR:L858R
C3L-02345,KRAS:G13C
C3L-02348,KRAS:G12C
C3L-02350,ERBB2:Y772_A775dup
C3L-02549,BRAF:R575K; KRAS:G12D
C3N-00167,EGFR:E746_A750del
C3N-00169,KRAS:G12C
C3N-00175,KRAS:G12A
C3N-00180,KRAS:G12V; RET:RNA_outlier(z=3.7)
C3N-00199,EGFR:L858R; EGFR:amp(LR=0.89)
C3N-00203,EGFR:K479I; MET:amp(LR=0.94); NRAS:Q61K
C3N-00223,EGFR:L747V; EGFR:L858R
C3N-00293,MAP2K1:Q56P
C3N-00294,KRAS:G12C
C3N-00433,KRAS:G12C
C3N-00546,EGFR:G719S; EGFR:S768I; NTRK2:RNA_outlier(z=3.0)
C3N-00547,FGFR1:amp(LR=0.68); KRAS:G12V
C3N-00550,ALK:RNA_outlier(z=3.5); EGFR:H358R; EGFR:amp(LR=0.71)
C3N-00551,KRAS:G12V
C3N-00556,KRAS:G12C
C3N-00559,EGFR:E746_A750del; EGFR:amp(LR=1.91)
C3N-00560,BRAF:A2S; MET:amp(LR=0.66)
C3N-00574,EGFR:A750E; EGFR:E746_A750del; EGFR:amp(LR=3.37)
C3N-00579,EGFR:L858R
C3N-00580,KRAS:G12S
C3N-00704,KRAS:G12C
C3N-00959,KRAS:G12V
C3N-01016,KRAS:G12S
C3N-01021,EGFR:G719A; EGFR:L861Q
C3N-01023,BRAF:W210L; KRAS:G12C
C3N-01024,EGFR:E746_A750del; ERBB2:amp(LR=3.42)
C3N-01030,KRAS:G12C
C3N-01074,KRAS:G12C
C3N-01405,HRAS:N172K
C3N-01410,KRAS:G12C
C3N-01413,EGFR:E746_A750del
C3N-01414,KRAS:G12D
C3N-01416,EGFR:E746_A750del
C3N-01488,KRAS:G12D
C3N-01489,KRAS:G12V
C3N-01799,EGFR:L858R
C3N-01842,BRAF:G596R
C3N-02002,EGFR:L858R
C3N-02067,EGFR:L747_A750del; EGFR:T751P
C3N-02087,EGFR:E746_S752delinsA; EGFR:S752F
C3N-02145,EGFR:E746_A750del
C3N-02155,EGFR:L858R; EGFR:amp(LR=0.78)
C3N-02158,EGFR:E746_A750del
C3N-02379,EGFR:L858R; EGFR:amp(LR=1.93)
C3N-02380,EGFR:E746_A750del
C3N-02421,EGFR:E746_S752delinsA; EGFR:S752F
C3N-02423,KRAS:G12C
C3N-02424,EGFR:L858R; MET:amp(LR=0.70)
C3N-02433,EGFR:L858R
C3N-02529,EGFR:L858R
C3N-02572,EGFR:L858R
C3N-02582,EGFR:E746_A750del; EGFR:amp(LR=1.17)
C3N-02729,EGFR:L858R
11LU013,EGFR:E746_S752delinsA; EGFR:S752F; EGFR:amp(LR=4.19)
11LU016,EGFR:G719C; EGFR:S768I
11LU022,KRAS:G12C
C3L-00001,EGFR:amp(LR=2.32)
C3L-02365,EGFR:amp(LR=0.90)
C3N-01415,EGFR:amp(LR=0.92)
C3N-02586,EGFR:amp(LR=1.62)
11LU035,MET:amp(LR=0.63)
C3N-00217,FGFR1:amp(LR=3.25)
C3N-00552,ALK:RNA_outlier(z=3.1)
C3N-00572,ALK:RNA_outlier(z=3.4)
C3N-00578,ALK:RNA_outlier(z=3.3)
