pid,best_class,best_p,alt,mechanism,is_KRAS,nonspecific
TCGA-38-A44F,C6_microenv,0.39,KRAS_G12V,RAS_point_mutation,True,True
TCGA-44-2655,C2_suppressor_conv,0.35,KRAS_G12D,RAS_point_mutation,True,False
TCGA-44-3398,C7_entropy,0.34,KRAS_G12C,RAS_point_mutation,True,True
TCGA-44-8117,C7_entropy,0.42,KRAS_L19F,RAS_point_mutation,True,True
TCGA-49-4507,C6_microenv,0.52,NF1_del,RAS_suppressor_deletion,False,True
TCGA-50-5939,C1_hidden_canonical,0.53,EGFR_amp,RTK_amplification,False,False
TCGA-53-7626,C6_microenv,0.29,KRAS_G12V,RAS_point_mutation,True,True
TCGA-55-7574,C7_entropy,0.5,KRAS_G12C,RAS_point_mutation,True,True
TCGA-55-8614,C2_suppressor_conv,0.7,RASA1_del,RAS_suppressor_deletion,False,False
TCGA-55-A48X,C7_entropy,0.43,KRAS_G12C,RAS_point_mutation,True,True
TCGA-55-A492,C2_suppressor_conv,0.49,KRAS_G12C,RAS_point_mutation,True,False
TCGA-55-A493,C6_microenv,0.47,KRAS_G12C,RAS_point_mutation,True,True
TCGA-69-7763,C7_entropy,0.69,KRAS_G12V,RAS_point_mutation,True,True
TCGA-69-8255,C2_suppressor_conv,0.47,ARAF_amp,MAPK_pathway_amplification,False,False
TCGA-73-4670,C2_suppressor_conv,0.67,KRAS_A146P,RAS_point_mutation,True,False
TCGA-78-7155,C1_hidden_canonical,0.8,MAPK1_amp,MAPK_pathway_amplification,False,False
TCGA-78-7159,C7_entropy,0.38,KRAS_G12V,RAS_point_mutation,True,True
TCGA-86-6851,C7_entropy,0.64,KRAS_G12F,RAS_point_mutation,True,True
TCGA-86-7701,C7_entropy,0.41,KRAS_G12C,RAS_point_mutation,True,True
TCGA-86-7954,C5_ligand,0.46,NRG1_Fusion,ligand_fusion,False,False
TCGA-86-7955,C2_suppressor_conv,0.51,MAPK1_amp,MAPK_pathway_amplification,False,False
TCGA-86-8358,C1_hidden_canonical,0.64,MAPK1_amp,MAPK_pathway_amplification,False,False
TCGA-95-7039,C1_hidden_canonical,0.53,KRAS_D33E,RAS_point_mutation,True,False
TCGA-97-7552,C6_microenv,0.67,KRAS_G12D,RAS_point_mutation,True,True
TCGA-97-8172,C7_entropy,0.68,KRAS_G12V,RAS_point_mutation,True,True
TCGA-97-8179,C1_hidden_canonical,0.61,KRAS_L19F,RAS_point_mutation,True,False
TCGA-97-A4LX,C7_entropy,0.54,KRAS_G12C,RAS_point_mutation,True,True
TCGA-MP-A4TH,C2_suppressor_conv,0.37,KRAS_G12C,RAS_point_mutation,True,False
